{
  "version": 2,
  "builds": [
    {
      "src": "src/main.ts",
      "use": "@vercel/node"
    }
  ],
  "routes": [
    {
      "src": "/(.*)",
      "dest": "src/main.ts"
    }
  ],
  "env": {
    "NODE_ENV": "production",
    "JWT_SECRET": "@JWT_SECRET",
    "JWT_EXPIRES_IN": "@JWT_EXPIRES_IN",
    "DB_HOST": "@DB_HOST",
    "DB_PORT": "@DB_PORT",
    "DB_USER": "@DB_USER",
    "DB_PASSWORD": "@DB_PASSWORD",
    "DB_NAME": "@DB_NAME",
    "DB_SSL": "@DB_SSL",
    "EMAIL_USER": "@EMAIL_USER",
    "EMAIL_PASS": "@EMAIL_PASS",
    "EMAIL_HOST": "@EMAIL_HOST",
    "EMAIL_PORT": "@EMAIL_PORT",
    "EMAIL_SECURE": "@EMAIL_SECURE",
    "GOOGLE_CLIENT_ID": "@GOOGLE_CLIENT_ID",
    "GOOGLE_CLIENT_SECRET": "@GOOGLE_CLIENT_SECRET",
    "STRIPE_SECRET_KEY": "@STRIPE_SECRET_KEY",
    "STRIPE_PUBLISHABLE_KEY": "@STRIPE_PUBLISHABLE_KEY",
    "STRIPE_WEBHOOK_SECRET": "@STRIPE_WEBHOOK_SECRET",
    "FRONTEND_URL": "@FRONTEND_URL"
  }
}